breddegrad;lengdegrad
68.8;16.53333
57;5
62.46933;50
63.33667;7.815
63.68716;8.756165
69.45717;18.13091
63.30967;8.124
69.93333;20.15